region,year,period,value
Российская Федерация,2019,значение показателя за год,0
Российская Федерация,2020,значение показателя за год,4
Российская Федерация,2021,значение показателя за год,9
Российская Федерация,2022,январь,9
Российская Федерация,2022,февраль,9
Российская Федерация,2022,март,9
Российская Федерация,2022,апрель,9
Российская Федерация,2022,май,10
Российская Федерация,2022,июнь,10
Российская Федерация,2022,июль,10
Российская Федерация,2022,август,11
Российская Федерация,2022,сентябрь,11
Российская Федерация,2022,октябрь,12
Российская Федерация,2022,ноябрь,12
Российская Федерация,2022,декабрь,13
Российская Федерация,2023,январь,13
Российская Федерация,2023,февраль,13
Российская Федерация,2023,март,14
Российская Федерация,2023,апрель,14
Российская Федерация,2023,май,14
Республика Адыгея (Адыгея),2019,значение показателя за год,0
Республика Адыгея (Адыгея),2020,значение показателя за год,4
Республика Адыгея (Адыгея),2021,значение показателя за год,7
Республика Адыгея (Адыгея),2022,январь,7
Республика Адыгея (Адыгея),2022,февраль,7
Республика Адыгея (Адыгея),2022,март,7
Республика Адыгея (Адыгея),2022,апрель,7
Республика Адыгея (Адыгея),2022,май,7
Республика Адыгея (Адыгея),2022,июнь,9
Республика Адыгея (Адыгея),2022,июль,10
Республика Адыгея (Адыгея),2022,август,10
Республика Адыгея (Адыгея),2022,сентябрь,11
Республика Адыгея (Адыгея),2022,октябрь,11
Республика Адыгея (Адыгея),2022,ноябрь,11
Республика Адыгея (Адыгея),2022,декабрь,12
Республика Адыгея (Адыгея),2023,январь,12
Республика Адыгея (Адыгея),2023,февраль,12
Республика Адыгея (Адыгея),2023,март,12
Республика Адыгея (Адыгея),2023,апрель,16
Республика Адыгея (Адыгея),2023,май,16
Республика Алтай,2019,значение показателя за год,0
Республика Алтай,2020,значение показателя за год,4
Республика Алтай,2021,значение показателя за год,13
Республика Алтай,2022,январь,13
Республика Алтай,2022,февраль,13
Республика Алтай,2022,март,13
Республика Алтай,2022,апрель,13
Республика Алтай,2022,май,13
Республика Алтай,2022,июнь,13
Республика Алтай,2022,июль,13
Республика Алтай,2022,август,13
Республика Алтай,2022,сентябрь,13
Республика Алтай,2022,октябрь,14
Республика Алтай,2022,ноябрь,14
Республика Алтай,2022,декабрь,18
Республика Алтай,2023,январь,18
Республика Алтай,2023,февраль,18
Республика Алтай,2023,март,18
Республика Алтай,2023,апрель,18
Республика Алтай,2023,май,18
Республика Башкортостан,2019,значение показателя за год,0
Республика Башкортостан,2020,значение показателя за год,5
Республика Башкортостан,2021,значение показателя за год,9
Республика Башкортостан,2022,январь,9
Республика Башкортостан,2022,февраль,9
Республика Башкортостан,2022,март,9
Республика Башкортостан,2022,апрель,9
Республика Башкортостан,2022,май,9
Республика Башкортостан,2022,июнь,9
Республика Башкортостан,2022,июль,9
Республика Башкортостан,2022,август,9
Республика Башкортостан,2022,сентябрь,9
Республика Башкортостан,2022,октябрь,9
Республика Башкортостан,2022,ноябрь,10
Республика Башкортостан,2022,декабрь,13
Республика Башкортостан,2023,январь,13
Республика Башкортостан,2023,февраль,13
Республика Башкортостан,2023,март,13
Республика Башкортостан,2023,апрель,13
Республика Башкортостан,2023,май,13
Республика Бурятия,2019,значение показателя за год,0
Республика Бурятия,2020,значение показателя за год,7
Республика Бурятия,2021,значение показателя за год,11
Республика Бурятия,2022,январь,11
Республика Бурятия,2022,февраль,11
Республика Бурятия,2022,март,11
Республика Бурятия,2022,апрель,11
Республика Бурятия,2022,май,11
Республика Бурятия,2022,июнь,13
Республика Бурятия,2022,июль,14
Республика Бурятия,2022,август,15
Республика Бурятия,2022,сентябрь,15
Республика Бурятия,2022,октябрь,16
Республика Бурятия,2022,ноябрь,16
Республика Бурятия,2022,декабрь,17
Республика Бурятия,2023,январь,17
Республика Бурятия,2023,февраль,17
Республика Бурятия,2023,март,17
Республика Бурятия,2023,апрель,17
Республика Бурятия,2023,май,18
Республика Дагестан,2019,значение показателя за год,0
Республика Дагестан,2020,значение показателя за год,5
Республика Дагестан,2021,значение показателя за год,9
Республика Дагестан,2022,январь,9
Республика Дагестан,2022,февраль,9
Республика Дагестан,2022,март,9
Республика Дагестан,2022,апрель,9
Республика Дагестан,2022,май,10
Республика Дагестан,2022,июнь,11
Республика Дагестан,2022,июль,11
Республика Дагестан,2022,август,12
Республика Дагестан,2022,сентябрь,12
Республика Дагестан,2022,октябрь,13
Республика Дагестан,2022,ноябрь,13
Республика Дагестан,2022,декабрь,15
Республика Дагестан,2023,январь,15
Республика Дагестан,2023,февраль,15
Республика Дагестан,2023,март,15
Республика Дагестан,2023,апрель,15
Республика Дагестан,2023,май,15
Республика Ингушетия,2019,значение показателя за год,0
Республика Ингушетия,2020,значение показателя за год,5
Республика Ингушетия,2021,значение показателя за год,10
Республика Ингушетия,2022,январь,10
Республика Ингушетия,2022,февраль,10
Республика Ингушетия,2022,март,10
Республика Ингушетия,2022,апрель,10
Республика Ингушетия,2022,май,11
Республика Ингушетия,2022,июнь,12
Республика Ингушетия,2022,июль,12
Республика Ингушетия,2022,август,13
Республика Ингушетия,2022,сентябрь,13
Республика Ингушетия,2022,октябрь,14
Республика Ингушетия,2022,ноябрь,14
Республика Ингушетия,2022,декабрь,16
Республика Ингушетия,2023,январь,16
Республика Ингушетия,2023,февраль,16
Республика Ингушетия,2023,март,17
Республика Ингушетия,2023,апрель,17
Республика Ингушетия,2023,май,17
Кабардино-Балкарская Республика,2019,значение показателя за год,0
Кабардино-Балкарская Республика,2020,значение показателя за год,4
Кабардино-Балкарская Республика,2021,значение показателя за год,10
Кабардино-Балкарская Республика,2022,январь,10
Кабардино-Балкарская Республика,2022,февраль,10
Кабардино-Балкарская Республика,2022,март,10
Кабардино-Балкарская Республика,2022,апрель,10
Кабардино-Балкарская Республика,2022,май,10
Кабардино-Балкарская Республика,2022,июнь,11
Кабардино-Балкарская Республика,2022,июль,12
Кабардино-Балкарская Республика,2022,август,13
Кабардино-Балкарская Республика,2022,сентябрь,13
Кабардино-Балкарская Республика,2022,октябрь,13
Кабардино-Балкарская Республика,2022,ноябрь,13
Кабардино-Балкарская Республика,2022,декабрь,15
Кабардино-Балкарская Республика,2023,январь,15
Кабардино-Балкарская Республика,2023,февраль,15
Кабардино-Балкарская Республика,2023,март,15
Кабардино-Балкарская Республика,2023,апрель,15
Кабардино-Балкарская Республика,2023,май,15
Республика Калмыкия,2019,значение показателя за год,0
Республика Калмыкия,2020,значение показателя за год,21
Республика Калмыкия,2021,значение показателя за год,29
Республика Калмыкия,2022,январь,29
Республика Калмыкия,2022,февраль,29
Республика Калмыкия,2022,март,29
Республика Калмыкия,2022,апрель,29
Республика Калмыкия,2022,май,29
Республика Калмыкия,2022,июнь,29
Республика Калмыкия,2022,июль,29
Республика Калмыкия,2022,август,29
Республика Калмыкия,2022,сентябрь,29
Республика Калмыкия,2022,октябрь,21
Республика Калмыкия,2022,ноябрь,29
Республика Калмыкия,2022,декабрь,34
Республика Калмыкия,2023,январь,34
Республика Калмыкия,2023,февраль,34
Республика Калмыкия,2023,март,34
Республика Калмыкия,2023,апрель,34
Республика Калмыкия,2023,май,34
Карачаево-Черкесская Республика,2019,значение показателя за год,0
Карачаево-Черкесская Республика,2020,значение показателя за год,12
Карачаево-Черкесская Республика,2021,значение показателя за год,16
Карачаево-Черкесская Республика,2022,январь,16
Карачаево-Черкесская Республика,2022,февраль,16
Карачаево-Черкесская Республика,2022,март,16
Карачаево-Черкесская Республика,2022,апрель,16
Карачаево-Черкесская Республика,2022,май,16
Карачаево-Черкесская Республика,2022,июнь,16
Карачаево-Черкесская Республика,2022,июль,12
Карачаево-Черкесская Республика,2022,август,16
Карачаево-Черкесская Республика,2022,сентябрь,16
Карачаево-Черкесская Республика,2022,октябрь,12
Карачаево-Черкесская Республика,2022,ноябрь,16
Карачаево-Черкесская Республика,2022,декабрь,21
Карачаево-Черкесская Республика,2023,январь,21
Карачаево-Черкесская Республика,2023,февраль,21
Карачаево-Черкесская Республика,2023,март,21
Карачаево-Черкесская Республика,2023,апрель,21
Карачаево-Черкесская Республика,2023,май,21
Республика Карелия,2019,значение показателя за год,0
Республика Карелия,2020,значение показателя за год,4
Республика Карелия,2021,значение показателя за год,9
Республика Карелия,2022,январь,9
Республика Карелия,2022,февраль,9
Республика Карелия,2022,март,9
Республика Карелия,2022,апрель,9
Республика Карелия,2022,май,10
Республика Карелия,2022,июнь,11
Республика Карелия,2022,июль,11
Республика Карелия,2022,август,12
Республика Карелия,2022,сентябрь,12
Республика Карелия,2022,октябрь,12
Республика Карелия,2022,ноябрь,12
Республика Карелия,2022,декабрь,14
Республика Карелия,2023,январь,14
Республика Карелия,2023,февраль,14
Республика Карелия,2023,март,14
Республика Карелия,2023,апрель,14
Республика Карелия,2023,май,14
Республика Коми,2019,значение показателя за год,0
Республика Коми,2020,значение показателя за год,4
Республика Коми,2021,значение показателя за год,8
Республика Коми,2022,январь,8
Республика Коми,2022,февраль,8
Республика Коми,2022,март,8
Республика Коми,2022,апрель,8
Республика Коми,2022,май,9
Республика Коми,2022,июнь,9
Республика Коми,2022,июль,10
Республика Коми,2022,август,10
Республика Коми,2022,сентябрь,11
Республика Коми,2022,октябрь,11
Республика Коми,2022,ноябрь,12
Республика Коми,2022,декабрь,13
Республика Коми,2023,январь,13
Республика Коми,2023,февраль,13
Республика Коми,2023,март,13
Республика Коми,2023,апрель,13
Республика Коми,2023,май,13
Республика Крым,2019,значение показателя за год,0
Республика Крым,2020,значение показателя за год,4
Республика Крым,2021,значение показателя за год,9
Республика Крым,2022,январь,9
Республика Крым,2022,февраль,9
Республика Крым,2022,март,9
Республика Крым,2022,апрель,9
Республика Крым,2022,май,9
Республика Крым,2022,июнь,9
Республика Крым,2022,июль,9
Республика Крым,2022,август,10
Республика Крым,2022,сентябрь,10
Республика Крым,2022,октябрь,10
Республика Крым,2022,ноябрь,10
Республика Крым,2022,декабрь,14
Республика Крым,2023,январь,14
Республика Крым,2023,февраль,15
Республика Крым,2023,март,15
Республика Крым,2023,апрель,15
Республика Крым,2023,май,15
Республика Марий Эл,2019,значение показателя за год,0
Республика Марий Эл,2020,значение показателя за год,4
Республика Марий Эл,2021,значение показателя за год,8
Республика Марий Эл,2022,январь,8
Республика Марий Эл,2022,февраль,8
Республика Марий Эл,2022,март,8
Республика Марий Эл,2022,апрель,8
Республика Марий Эл,2022,май,9
Республика Марий Эл,2022,июнь,11
Республика Марий Эл,2022,июль,12
Республика Марий Эл,2022,август,12
Республика Марий Эл,2022,сентябрь,13
Республика Марий Эл,2022,октябрь,13
Республика Марий Эл,2022,ноябрь,13
Республика Марий Эл,2022,декабрь,13
Республика Марий Эл,2023,январь,13
Республика Марий Эл,2023,февраль,13
Республика Марий Эл,2023,март,13
Республика Марий Эл,2023,апрель,14
Республика Марий Эл,2023,май,15
Республика Мордовия,2019,значение показателя за год,0
Республика Мордовия,2020,значение показателя за год,5
Республика Мордовия,2021,значение показателя за год,9
Республика Мордовия,2022,январь,9
Республика Мордовия,2022,февраль,9
Республика Мордовия,2022,март,9
Республика Мордовия,2022,апрель,9
Республика Мордовия,2022,май,9
Республика Мордовия,2022,июнь,9
Республика Мордовия,2022,июль,9
Республика Мордовия,2022,август,12
Республика Мордовия,2022,сентябрь,13
Республика Мордовия,2022,октябрь,8
Республика Мордовия,2022,ноябрь,14
Республика Мордовия,2022,декабрь,15
Республика Мордовия,2023,январь,15
Республика Мордовия,2023,февраль,15
Республика Мордовия,2023,март,15
Республика Мордовия,2023,апрель,15
Республика Мордовия,2023,май,15
Республика Саха (Якутия),2019,значение показателя за год,0
Республика Саха (Якутия),2020,значение показателя за год,12
Республика Саха (Якутия),2021,значение показателя за год,16
Республика Саха (Якутия),2022,январь,16
Республика Саха (Якутия),2022,февраль,16
Республика Саха (Якутия),2022,март,16
Республика Саха (Якутия),2022,апрель,16
Республика Саха (Якутия),2022,май,16
Республика Саха (Якутия),2022,июнь,16
Республика Саха (Якутия),2022,июль,12
Республика Саха (Якутия),2022,август,13
Республика Саха (Якутия),2022,сентябрь,16
Республика Саха (Якутия),2022,октябрь,12
Республика Саха (Якутия),2022,ноябрь,18
Республика Саха (Якутия),2022,декабрь,22
Республика Саха (Якутия),2023,январь,22
Республика Саха (Якутия),2023,февраль,22
Республика Саха (Якутия),2023,март,22
Республика Саха (Якутия),2023,апрель,22
Республика Саха (Якутия),2023,май,22
Республика Северная Осетия - Алания,2019,значение показателя за год,0
Республика Северная Осетия - Алания,2020,значение показателя за год,4
Республика Северная Осетия - Алания,2021,значение показателя за год,9
Республика Северная Осетия - Алания,2022,январь,9
Республика Северная Осетия - Алания,2022,февраль,9
Республика Северная Осетия - Алания,2022,март,9
Республика Северная Осетия - Алания,2022,апрель,9
Республика Северная Осетия - Алания,2022,май,9
Республика Северная Осетия - Алания,2022,июнь,9
Республика Северная Осетия - Алания,2022,июль,9
Республика Северная Осетия - Алания,2022,август,10
Республика Северная Осетия - Алания,2022,сентябрь,12
Республика Северная Осетия - Алания,2022,октябрь,12
Республика Северная Осетия - Алания,2022,ноябрь,13
Республика Северная Осетия - Алания,2022,декабрь,15
Республика Северная Осетия - Алания,2023,январь,15
Республика Северная Осетия - Алания,2023,февраль,15
Республика Северная Осетия - Алания,2023,март,15
Республика Северная Осетия - Алания,2023,апрель,15
Республика Северная Осетия - Алания,2023,май,15
Республика Татарстан (Татарстан),2019,значение показателя за год,0
Республика Татарстан (Татарстан),2020,значение показателя за год,4
Республика Татарстан (Татарстан),2021,значение показателя за год,8
Республика Татарстан (Татарстан),2022,январь,8
Республика Татарстан (Татарстан),2022,февраль,8
Республика Татарстан (Татарстан),2022,март,8
Республика Татарстан (Татарстан),2022,апрель,8
Республика Татарстан (Татарстан),2022,май,8
Республика Татарстан (Татарстан),2022,июнь,8
Республика Татарстан (Татарстан),2022,июль,9
Республика Татарстан (Татарстан),2022,август,9
Республика Татарстан (Татарстан),2022,сентябрь,10
Республика Татарстан (Татарстан),2022,октябрь,11
Республика Татарстан (Татарстан),2022,ноябрь,12
Республика Татарстан (Татарстан),2022,декабрь,13
Республика Татарстан (Татарстан),2023,январь,13
Республика Татарстан (Татарстан),2023,февраль,13
Республика Татарстан (Татарстан),2023,март,13
Республика Татарстан (Татарстан),2023,апрель,13
Республика Татарстан (Татарстан),2023,май,13
Республика Тыва,2019,значение показателя за год,0
Республика Тыва,2020,значение показателя за год,5
Республика Тыва,2021,значение показателя за год,10
Республика Тыва,2022,январь,10
Республика Тыва,2022,февраль,10
Республика Тыва,2022,март,10
Республика Тыва,2022,апрель,10
Республика Тыва,2022,май,10
Республика Тыва,2022,июнь,11
Республика Тыва,2022,июль,11
Республика Тыва,2022,август,12
Республика Тыва,2022,сентябрь,13
Республика Тыва,2022,октябрь,14
Республика Тыва,2022,ноябрь,14
Республика Тыва,2022,декабрь,16
Республика Тыва,2023,январь,16
Республика Тыва,2023,февраль,16
Республика Тыва,2023,март,16
Республика Тыва,2023,апрель,16
Республика Тыва,2023,май,16
Удмуртская Республика,2019,значение показателя за год,0
Удмуртская Республика,2020,значение показателя за год,4
Удмуртская Республика,2021,значение показателя за год,8
Удмуртская Республика,2022,январь,8
Удмуртская Республика,2022,февраль,8
Удмуртская Республика,2022,март,8
Удмуртская Республика,2022,апрель,8
Удмуртская Республика,2022,май,10
Удмуртская Республика,2022,июнь,11
Удмуртская Республика,2022,июль,11
Удмуртская Республика,2022,август,12
Удмуртская Республика,2022,сентябрь,12
Удмуртская Республика,2022,октябрь,13
Удмуртская Республика,2022,ноябрь,13
Удмуртская Республика,2022,декабрь,14
Удмуртская Республика,2023,январь,14
Удмуртская Республика,2023,февраль,14
Удмуртская Республика,2023,март,14
Удмуртская Республика,2023,апрель,14
Удмуртская Республика,2023,май,14
Республика Хакасия,2019,значение показателя за год,0
Республика Хакасия,2020,значение показателя за год,4
Республика Хакасия,2021,значение показателя за год,8
Республика Хакасия,2022,январь,8
Республика Хакасия,2022,февраль,8
Республика Хакасия,2022,март,8
Республика Хакасия,2022,апрель,8
Республика Хакасия,2022,май,9
Республика Хакасия,2022,июнь,10
Республика Хакасия,2022,июль,11
Республика Хакасия,2022,август,12
Республика Хакасия,2022,сентябрь,12
Республика Хакасия,2022,октябрь,12
Республика Хакасия,2022,ноябрь,12
Республика Хакасия,2022,декабрь,14
Республика Хакасия,2023,январь,14
Республика Хакасия,2023,февраль,14
Республика Хакасия,2023,март,14
Республика Хакасия,2023,апрель,14
Республика Хакасия,2023,май,14
Чеченская Республика,2019,значение показателя за год,0
Чеченская Республика,2020,значение показателя за год,7
Чеченская Республика,2021,значение показателя за год,11
Чеченская Республика,2022,январь,11
Чеченская Республика,2022,февраль,11
Чеченская Республика,2022,март,11
Чеченская Республика,2022,апрель,13
Чеченская Республика,2022,май,13
Чеченская Республика,2022,июнь,14
Чеченская Республика,2022,июль,14
Чеченская Республика,2022,август,14
Чеченская Республика,2022,сентябрь,14
Чеченская Республика,2022,октябрь,14
Чеченская Республика,2022,ноябрь,15
Чеченская Республика,2022,декабрь,17
Чеченская Республика,2023,январь,16
Чеченская Республика,2023,февраль,16
Чеченская Республика,2023,март,19
Чеченская Республика,2023,апрель,20
Чеченская Республика,2023,май,20
Чувашская Республика - Чувашия,2019,значение показателя за год,0
Чувашская Республика - Чувашия,2020,значение показателя за год,4
Чувашская Республика - Чувашия,2021,значение показателя за год,8
Чувашская Республика - Чувашия,2022,январь,8
Чувашская Республика - Чувашия,2022,февраль,8
Чувашская Республика - Чувашия,2022,март,8
Чувашская Республика - Чувашия,2022,апрель,8
Чувашская Республика - Чувашия,2022,май,8
Чувашская Республика - Чувашия,2022,июнь,9
Чувашская Республика - Чувашия,2022,июль,10
Чувашская Республика - Чувашия,2022,август,10
Чувашская Республика - Чувашия,2022,сентябрь,10
Чувашская Республика - Чувашия,2022,октябрь,11
Чувашская Республика - Чувашия,2022,ноябрь,12
Чувашская Республика - Чувашия,2022,декабрь,12
Чувашская Республика - Чувашия,2023,январь,12
Чувашская Республика - Чувашия,2023,февраль,12
Чувашская Республика - Чувашия,2023,март,12
Чувашская Республика - Чувашия,2023,апрель,12
Чувашская Республика - Чувашия,2023,май,13
Алтайский край,2019,значение показателя за год,0
Алтайский край,2020,значение показателя за год,4
Алтайский край,2021,значение показателя за год,9
Алтайский край,2022,январь,9
Алтайский край,2022,февраль,9
Алтайский край,2022,март,9
Алтайский край,2022,апрель,9
Алтайский край,2022,май,9
Алтайский край,2022,июнь,10
Алтайский край,2022,июль,10
Алтайский край,2022,август,11
Алтайский край,2022,сентябрь,12
Алтайский край,2022,октябрь,12
Алтайский край,2022,ноябрь,12
Алтайский край,2022,декабрь,14
Алтайский край,2023,январь,14
Алтайский край,2023,февраль,14
Алтайский край,2023,март,14
Алтайский край,2023,апрель,14
Алтайский край,2023,май,15
Забайкальский край,2019,значение показателя за год,0
Забайкальский край,2020,значение показателя за год,5
Забайкальский край,2021,значение показателя за год,10
Забайкальский край,2022,январь,10
Забайкальский край,2022,февраль,10
Забайкальский край,2022,март,10
Забайкальский край,2022,апрель,10
Забайкальский край,2022,май,10
Забайкальский край,2022,июнь,11
Забайкальский край,2022,июль,12
Забайкальский край,2022,август,12
Забайкальский край,2022,сентябрь,12
Забайкальский край,2022,октябрь,14
Забайкальский край,2022,ноябрь,14
Забайкальский край,2022,декабрь,17
Забайкальский край,2023,январь,17
Забайкальский край,2023,февраль,17
Забайкальский край,2023,март,17
Забайкальский край,2023,апрель,17
Забайкальский край,2023,май,17
Камчатская край,2019,значение показателя за год,0
Камчатская край,2020,значение показателя за год,4
Камчатская край,2021,значение показателя за год,9
Камчатская край,2022,январь,9
Камчатская край,2022,февраль,9
Камчатская край,2022,март,9
Камчатская край,2022,апрель,9
Камчатская край,2022,май,10
Камчатская край,2022,июнь,10
Камчатская край,2022,июль,11
Камчатская край,2022,август,12
Камчатская край,2022,сентябрь,12
Камчатская край,2022,октябрь,13
Камчатская край,2022,ноябрь,13
Камчатская край,2022,декабрь,15
Камчатская край,2023,январь,14
Камчатская край,2023,февраль,14
Камчатская край,2023,март,15
Камчатская край,2023,апрель,15
Камчатская край,2023,май,15
Краснодарский край,2019,значение показателя за год,0
Краснодарский край,2020,значение показателя за год,4
Краснодарский край,2021,значение показателя за год,8
Краснодарский край,2022,январь,8
Краснодарский край,2022,февраль,8
Краснодарский край,2022,март,8
Краснодарский край,2022,апрель,8
Краснодарский край,2022,май,9
Краснодарский край,2022,июнь,10
Краснодарский край,2022,июль,10
Краснодарский край,2022,август,10
Краснодарский край,2022,сентябрь,11
Краснодарский край,2022,октябрь,11
Краснодарский край,2022,ноябрь,12
Краснодарский край,2022,декабрь,14
Краснодарский край,2023,январь,14
Краснодарский край,2023,февраль,14
Краснодарский край,2023,март,14
Краснодарский край,2023,апрель,14
Краснодарский край,2023,май,15
Красноярский край,2019,значение показателя за год,0
Красноярский край,2020,значение показателя за год,4
Красноярский край,2021,значение показателя за год,12
Красноярский край,2022,январь,12
Красноярский край,2022,февраль,12
Красноярский край,2022,март,12
Красноярский край,2022,апрель,12
Красноярский край,2022,май,12
Красноярский край,2022,июнь,12
Красноярский край,2022,июль,12
Красноярский край,2022,август,12
Красноярский край,2022,сентябрь,14
Красноярский край,2022,октябрь,14
Красноярский край,2022,ноябрь,15
Красноярский край,2022,декабрь,17
Красноярский край,2023,январь,17
Красноярский край,2023,февраль,17
Красноярский край,2023,март,17
Красноярский край,2023,апрель,17
Красноярский край,2023,май,17
Пермский край,2019,значение показателя за год,0
Пермский край,2020,значение показателя за год,4
Пермский край,2021,значение показателя за год,8
Пермский край,2022,январь,8
Пермский край,2022,февраль,8
Пермский край,2022,март,8
Пермский край,2022,апрель,8
Пермский край,2022,май,8
Пермский край,2022,июнь,10
Пермский край,2022,июль,11
Пермский край,2022,август,12
Пермский край,2022,сентябрь,12
Пермский край,2022,октябрь,13
Пермский край,2022,ноябрь,13
Пермский край,2022,декабрь,14
Пермский край,2023,январь,14
Пермский край,2023,февраль,14
Пермский край,2023,март,14
Пермский край,2023,апрель,14
Пермский край,2023,май,14
Приморский край,2019,значение показателя за год,0
Приморский край,2020,значение показателя за год,7
Приморский край,2021,значение показателя за год,11
Приморский край,2022,январь,11
Приморский край,2022,февраль,11
Приморский край,2022,март,11
Приморский край,2022,апрель,11
Приморский край,2022,май,11
Приморский край,2022,июнь,12
Приморский край,2022,июль,12
Приморский край,2022,август,13
Приморский край,2022,сентябрь,13
Приморский край,2022,октябрь,14
Приморский край,2022,ноябрь,14
Приморский край,2022,декабрь,16
Приморский край,2023,январь,16
Приморский край,2023,февраль,16
Приморский край,2023,март,16
Приморский край,2023,апрель,16
Приморский край,2023,май,16
Ставропольский край,2019,значение показателя за год,0
Ставропольский край,2020,значение показателя за год,5
Ставропольский край,2021,значение показателя за год,9
Ставропольский край,2022,январь,9
Ставропольский край,2022,февраль,9
Ставропольский край,2022,март,9
Ставропольский край,2022,апрель,10
Ставропольский край,2022,май,10
Ставропольский край,2022,июнь,10
Ставропольский край,2022,июль,11
Ставропольский край,2022,август,12
Ставропольский край,2022,сентябрь,12
Ставропольский край,2022,октябрь,12
Ставропольский край,2022,ноябрь,13
Ставропольский край,2022,декабрь,14
Ставропольский край,2023,январь,14
Ставропольский край,2023,февраль,14
Ставропольский край,2023,март,14
Ставропольский край,2023,апрель,14
Ставропольский край,2023,май,15
Хабаровский край,2019,значение показателя за год,0
Хабаровский край,2020,значение показателя за год,4
Хабаровский край,2021,значение показателя за год,9
Хабаровский край,2022,январь,9
Хабаровский край,2022,февраль,9
Хабаровский край,2022,март,9
Хабаровский край,2022,апрель,9
Хабаровский край,2022,май,11
Хабаровский край,2022,июнь,11
Хабаровский край,2022,июль,11
Хабаровский край,2022,август,12
Хабаровский край,2022,сентябрь,12
Хабаровский край,2022,октябрь,13
Хабаровский край,2022,ноябрь,13
Хабаровский край,2022,декабрь,14
Хабаровский край,2023,январь,14
Хабаровский край,2023,февраль,14
Хабаровский край,2023,март,14
Хабаровский край,2023,апрель,14
Хабаровский край,2023,май,14
Амурская область,2019,значение показателя за год,0
Амурская область,2020,значение показателя за год,4
Амурская область,2021,значение показателя за год,9
Амурская область,2022,январь,9
Амурская область,2022,февраль,9
Амурская область,2022,март,9
Амурская область,2022,апрель,9
Амурская область,2022,май,9
Амурская область,2022,июнь,11
Амурская область,2022,июль,13
Амурская область,2022,август,13
Амурская область,2022,сентябрь,14
Амурская область,2022,октябрь,15
Амурская область,2022,ноябрь,15
Амурская область,2022,декабрь,15
Амурская область,2023,январь,15
Амурская область,2023,февраль,15
Амурская область,2023,март,15
Амурская область,2023,апрель,15
Амурская область,2023,май,15
Архангельская область,2019,значение показателя за год,0
Архангельская область,2020,значение показателя за год,5
Архангельская область,2021,значение показателя за год,11
Архангельская область,2022,январь,11
Архангельская область,2022,февраль,11
Архангельская область,2022,март,11
Архангельская область,2022,апрель,11
Архангельская область,2022,май,11
Архангельская область,2022,июнь,11
Архангельская область,2022,июль,12
Архангельская область,2022,август,12
Архангельская область,2022,сентябрь,13
Архангельская область,2022,октябрь,13
Архангельская область,2022,ноябрь,13
Архангельская область,2022,декабрь,16
Архангельская область,2023,январь,16
Архангельская область,2023,февраль,16
Архангельская область,2023,март,16
Архангельская область,2023,апрель,16
Архангельская область,2023,май,16
Астраханская область,2019,значение показателя за год,0
Астраханская область,2020,значение показателя за год,2
Астраханская область,2021,значение показателя за год,9
Астраханская область,2022,январь,9
Астраханская область,2022,февраль,9
Астраханская область,2022,март,9
Астраханская область,2022,апрель,10
Астраханская область,2022,май,11
Астраханская область,2022,июнь,12
Астраханская область,2022,июль,12
Астраханская область,2022,август,12
Астраханская область,2022,сентябрь,14
Астраханская область,2022,октябрь,14
Астраханская область,2022,ноябрь,14
Астраханская область,2022,декабрь,14
Астраханская область,2023,январь,14
Астраханская область,2023,февраль,14
Астраханская область,2023,март,14
Астраханская область,2023,апрель,14
Астраханская область,2023,май,17
Белгородская область,2019,значение показателя за год,0
Белгородская область,2020,значение показателя за год,4
Белгородская область,2021,значение показателя за год,8
Белгородская область,2022,январь,8
Белгородская область,2022,февраль,8
Белгородская область,2022,март,8
Белгородская область,2022,апрель,8
Белгородская область,2022,май,8
Белгородская область,2022,июнь,9
Белгородская область,2022,июль,9
Белгородская область,2022,август,10
Белгородская область,2022,сентябрь,10
Белгородская область,2022,октябрь,11
Белгородская область,2022,ноябрь,12
Белгородская область,2022,декабрь,13
Белгородская область,2023,январь,13
Белгородская область,2023,февраль,13
Белгородская область,2023,март,13
Белгородская область,2023,апрель,13
Белгородская область,2023,май,13
Брянская область,2019,значение показателя за год,0
Брянская область,2020,значение показателя за год,4
Брянская область,2021,значение показателя за год,9
Брянская область,2022,январь,9
Брянская область,2022,февраль,9
Брянская область,2022,март,9
Брянская область,2022,апрель,9
Брянская область,2022,май,9
Брянская область,2022,июнь,9
Брянская область,2022,июль,9
Брянская область,2022,август,10
Брянская область,2022,сентябрь,11
Брянская область,2022,октябрь,12
Брянская область,2022,ноябрь,12
Брянская область,2022,декабрь,14
Брянская область,2023,январь,14
Брянская область,2023,февраль,14
Брянская область,2023,март,14
Брянская область,2023,апрель,14
Брянская область,2023,май,14
Владимирская область,2019,значение показателя за год,0
Владимирская область,2020,значение показателя за год,2
Владимирская область,2021,значение показателя за год,8
Владимирская область,2022,январь,8
Владимирская область,2022,февраль,8
Владимирская область,2022,март,8
Владимирская область,2022,апрель,9
Владимирская область,2022,май,9
Владимирская область,2022,июнь,10
Владимирская область,2022,июль,11
Владимирская область,2022,август,11
Владимирская область,2022,сентябрь,13
Владимирская область,2022,октябрь,13
Владимирская область,2022,ноябрь,13
Владимирская область,2022,декабрь,13
Владимирская область,2023,январь,13
Владимирская область,2023,февраль,13
Владимирская область,2023,март,13
Владимирская область,2023,апрель,13
Владимирская область,2023,май,17
Волгоградская область,2019,значение показателя за год,0
Волгоградская область,2020,значение показателя за год,5
Волгоградская область,2021,значение показателя за год,12
Волгоградская область,2022,январь,12
Волгоградская область,2022,февраль,12
Волгоградская область,2022,март,12
Волгоградская область,2022,апрель,12
Волгоградская область,2022,май,12
Волгоградская область,2022,июнь,12
Волгоградская область,2022,июль,12
Волгоградская область,2022,август,12
Волгоградская область,2022,сентябрь,12
Волгоградская область,2022,октябрь,12
Волгоградская область,2022,ноябрь,13
Волгоградская область,2022,декабрь,17
Волгоградская область,2023,январь,17
Волгоградская область,2023,февраль,17
Волгоградская область,2023,март,17
Волгоградская область,2023,апрель,17
Волгоградская область,2023,май,17
Вологодская область,2019,значение показателя за год,0
Вологодская область,2020,значение показателя за год,4
Вологодская область,2021,значение показателя за год,9
Вологодская область,2022,январь,9
Вологодская область,2022,февраль,9
Вологодская область,2022,март,9
Вологодская область,2022,апрель,9
Вологодская область,2022,май,9
Вологодская область,2022,июнь,11
Вологодская область,2022,июль,11
Вологодская область,2022,август,12
Вологодская область,2022,сентябрь,12
Вологодская область,2022,октябрь,12
Вологодская область,2022,ноябрь,13
Вологодская область,2022,декабрь,14
Вологодская область,2023,январь,14
Вологодская область,2023,февраль,14
Вологодская область,2023,март,14
Вологодская область,2023,апрель,14
Вологодская область,2023,май,14
Воронежская область,2019,значение показателя за год,0
Воронежская область,2020,значение показателя за год,4
Воронежская область,2021,значение показателя за год,8
Воронежская область,2022,январь,8
Воронежская область,2022,февраль,8
Воронежская область,2022,март,8
Воронежская область,2022,апрель,8
Воронежская область,2022,май,8
Воронежская область,2022,июнь,9
Воронежская область,2022,июль,9
Воронежская область,2022,август,10
Воронежская область,2022,сентябрь,10
Воронежская область,2022,октябрь,10
Воронежская область,2022,ноябрь,12
Воронежская область,2022,декабрь,13
Воронежская область,2023,январь,13
Воронежская область,2023,февраль,13
Воронежская область,2023,март,14
Воронежская область,2023,апрель,14
Воронежская область,2023,май,14
Ивановская область,2019,значение показателя за год,0
Ивановская область,2020,значение показателя за год,4
Ивановская область,2021,значение показателя за год,8
Ивановская область,2022,январь,8
Ивановская область,2022,февраль,8
Ивановская область,2022,март,8
Ивановская область,2022,апрель,8
Ивановская область,2022,май,8
Ивановская область,2022,июнь,11
Ивановская область,2022,июль,12
Ивановская область,2022,август,12
Ивановская область,2022,сентябрь,13
Ивановская область,2022,октябрь,14
Ивановская область,2022,ноябрь,13
Ивановская область,2022,декабрь,13
Ивановская область,2023,январь,13
Ивановская область,2023,февраль,13
Ивановская область,2023,март,16
Ивановская область,2023,апрель,16
Ивановская область,2023,май,16
Иркутская область,2019,значение показателя за год,0
Иркутская область,2020,значение показателя за год,5
Иркутская область,2021,значение показателя за год,10
Иркутская область,2022,январь,10
Иркутская область,2022,февраль,10
Иркутская область,2022,март,10
Иркутская область,2022,апрель,10
Иркутская область,2022,май,11
Иркутская область,2022,июнь,12
Иркутская область,2022,июль,13
Иркутская область,2022,август,13
Иркутская область,2022,сентябрь,14
Иркутская область,2022,октябрь,15
Иркутская область,2022,ноябрь,15
Иркутская область,2022,декабрь,15
Иркутская область,2023,январь,15
Иркутская область,2023,февраль,15
Иркутская область,2023,март,17
Иркутская область,2023,апрель,17
Иркутская область,2023,май,17
Калининградская область,2019,значение показателя за год,0
Калининградская область,2020,значение показателя за год,4
Калининградская область,2021,значение показателя за год,8
Калининградская область,2022,январь,8
Калининградская область,2022,февраль,8
Калининградская область,2022,март,8
Калининградская область,2022,апрель,8
Калининградская область,2022,май,8
Калининградская область,2022,июнь,9
Калининградская область,2022,июль,9
Калининградская область,2022,август,9
Калининградская область,2022,сентябрь,10
Калининградская область,2022,октябрь,10
Калининградская область,2022,ноябрь,10
Калининградская область,2022,декабрь,13
Калининградская область,2023,январь,13
Калининградская область,2023,февраль,13
Калининградская область,2023,март,13
Калининградская область,2023,апрель,13
Калининградская область,2023,май,13
Калужская область,2019,значение показателя за год,0
Калужская область,2020,значение показателя за год,4
Калужская область,2021,значение показателя за год,10
Калужская область,2022,январь,10
Калужская область,2022,февраль,10
Калужская область,2022,март,10
Калужская область,2022,апрель,10
Калужская область,2022,май,12
Калужская область,2022,июнь,12
Калужская область,2022,июль,13
Калужская область,2022,август,13
Калужская область,2022,сентябрь,13
Калужская область,2022,октябрь,14
Калужская область,2022,ноябрь,13
Калужская область,2022,декабрь,14
Калужская область,2023,январь,14
Калужская область,2023,февраль,14
Калужская область,2023,март,15
Калужская область,2023,апрель,15
Калужская область,2023,май,16
Кемеровская область - Кузбасс,2019,значение показателя за год,0
Кемеровская область - Кузбасс,2020,значение показателя за год,4
Кемеровская область - Кузбасс,2021,значение показателя за год,9
Кемеровская область - Кузбасс,2022,январь,9
Кемеровская область - Кузбасс,2022,февраль,9
Кемеровская область - Кузбасс,2022,март,9
Кемеровская область - Кузбасс,2022,апрель,9
Кемеровская область - Кузбасс,2022,май,10
Кемеровская область - Кузбасс,2022,июнь,12
Кемеровская область - Кузбасс,2022,июль,12
Кемеровская область - Кузбасс,2022,август,13
Кемеровская область - Кузбасс,2022,сентябрь,13
Кемеровская область - Кузбасс,2022,октябрь,15
Кемеровская область - Кузбасс,2022,ноябрь,15
Кемеровская область - Кузбасс,2022,декабрь,15
Кемеровская область - Кузбасс,2023,январь,15
Кемеровская область - Кузбасс,2023,февраль,15
Кемеровская область - Кузбасс,2023,март,15
Кемеровская область - Кузбасс,2023,апрель,15
Кемеровская область - Кузбасс,2023,май,15
Кировская область,2019,значение показателя за год,0
Кировская область,2020,значение показателя за год,4
Кировская область,2021,значение показателя за год,10
Кировская область,2022,январь,10
Кировская область,2022,февраль,10
Кировская область,2022,март,10
Кировская область,2022,апрель,10
Кировская область,2022,май,11
Кировская область,2022,июнь,11
Кировская область,2022,июль,11
Кировская область,2022,август,12
Кировская область,2022,сентябрь,12
Кировская область,2022,октябрь,13
Кировская область,2022,ноябрь,13
Кировская область,2022,декабрь,15
Кировская область,2023,январь,15
Кировская область,2023,февраль,15
Кировская область,2023,март,15
Кировская область,2023,апрель,15
Кировская область,2023,май,15
Костромская область,2019,значение показателя за год,0
Костромская область,2020,значение показателя за год,4
Костромская область,2021,значение показателя за год,8
Костромская область,2022,январь,8
Костромская область,2022,февраль,8
Костромская область,2022,март,8
Костромская область,2022,апрель,8
Костромская область,2022,май,10
Костромская область,2022,июнь,10
Костромская область,2022,июль,10
Костромская область,2022,август,11
Костромская область,2022,сентябрь,11
Костромская область,2022,октябрь,13
Костромская область,2022,ноябрь,13
Костромская область,2022,декабрь,14
Костромская область,2023,январь,14
Костромская область,2023,февраль,14
Костромская область,2023,март,14
Костромская область,2023,апрель,14
Костромская область,2023,май,14
Курганская область,2019,значение показателя за год,0
Курганская область,2020,значение показателя за год,5
Курганская область,2021,значение показателя за год,10
Курганская область,2022,январь,10
Курганская область,2022,февраль,10
Курганская область,2022,март,10
Курганская область,2022,апрель,12
Курганская область,2022,май,12
Курганская область,2022,июнь,12
Курганская область,2022,июль,13
Курганская область,2022,август,14
Курганская область,2022,сентябрь,14
Курганская область,2022,октябрь,14
Курганская область,2022,ноябрь,16
Курганская область,2022,декабрь,17
Курганская область,2023,январь,16
Курганская область,2023,февраль,16
Курганская область,2023,март,17
Курганская область,2023,апрель,17
Курганская область,2023,май,17
Курская область,2019,значение показателя за год,0
Курская область,2020,значение показателя за год,4
Курская область,2021,значение показателя за год,8
Курская область,2022,январь,8
Курская область,2022,февраль,8
Курская область,2022,март,8
Курская область,2022,апрель,8
Курская область,2022,май,9
Курская область,2022,июнь,9
Курская область,2022,июль,10
Курская область,2022,август,10
Курская область,2022,сентябрь,10
Курская область,2022,октябрь,10
Курская область,2022,ноябрь,11
Курская область,2022,декабрь,13
Курская область,2023,январь,13
Курская область,2023,февраль,13
Курская область,2023,март,15
Курская область,2023,апрель,15
Курская область,2023,май,15
Ленинградская область,2019,значение показателя за год,0
Ленинградская область,2020,значение показателя за год,4
Ленинградская область,2021,значение показателя за год,8
Ленинградская область,2022,январь,8
Ленинградская область,2022,февраль,8
Ленинградская область,2022,март,8
Ленинградская область,2022,апрель,8
Ленинградская область,2022,май,8
Ленинградская область,2022,июнь,8
Ленинградская область,2022,июль,8
Ленинградская область,2022,август,9
Ленинградская область,2022,сентябрь,10
Ленинградская область,2022,октябрь,11
Ленинградская область,2022,ноябрь,11
Ленинградская область,2022,декабрь,12
Ленинградская область,2023,январь,12
Ленинградская область,2023,февраль,12
Ленинградская область,2023,март,13
Ленинградская область,2023,апрель,13
Ленинградская область,2023,май,13
Липецкая область,2019,значение показателя за год,0
Липецкая область,2020,значение показателя за год,4
Липецкая область,2021,значение показателя за год,8
Липецкая область,2022,январь,8
Липецкая область,2022,февраль,8
Липецкая область,2022,март,8
Липецкая область,2022,апрель,8
Липецкая область,2022,май,9
Липецкая область,2022,июнь,9
Липецкая область,2022,июль,10
Липецкая область,2022,август,10
Липецкая область,2022,сентябрь,11
Липецкая область,2022,октябрь,11
Липецкая область,2022,ноябрь,11
Липецкая область,2022,декабрь,13
Липецкая область,2023,январь,13
Липецкая область,2023,февраль,13
Липецкая область,2023,март,13
Липецкая область,2023,апрель,13
Липецкая область,2023,май,14
Магаданская область,2019,значение показателя за год,0
Магаданская область,2020,значение показателя за год,4
Магаданская область,2021,значение показателя за год,9
Магаданская область,2022,январь,9
Магаданская область,2022,февраль,9
Магаданская область,2022,март,9
Магаданская область,2022,апрель,9
Магаданская область,2022,май,9
Магаданская область,2022,июнь,9
Магаданская область,2022,июль,11
Магаданская область,2022,август,11
Магаданская область,2022,сентябрь,11
Магаданская область,2022,октябрь,11
Магаданская область,2022,ноябрь,12
Магаданская область,2022,декабрь,14
Магаданская область,2023,январь,14
Магаданская область,2023,февраль,14
Магаданская область,2023,март,14
Магаданская область,2023,апрель,14
Магаданская область,2023,май,14
Московская область,2019,значение показателя за год,0
Московская область,2020,значение показателя за год,3
Московская область,2021,значение показателя за год,7
Московская область,2022,январь,7
Московская область,2022,февраль,7
Московская область,2022,март,7
Московская область,2022,апрель,7
Московская область,2022,май,7
Московская область,2022,июнь,7
Московская область,2022,июль,7
Московская область,2022,август,8
Московская область,2022,сентябрь,9
Московская область,2022,октябрь,9
Московская область,2022,ноябрь,10
Московская область,2022,декабрь,11
Московская область,2023,январь,11
Московская область,2023,февраль,11
Московская область,2023,март,11
Московская область,2023,апрель,11
Московская область,2023,май,11
Мурманская область,2019,значение показателя за год,0
Мурманская область,2020,значение показателя за год,4
Мурманская область,2021,значение показателя за год,8
Мурманская область,2022,январь,8
Мурманская область,2022,февраль,8
Мурманская область,2022,март,8
Мурманская область,2022,апрель,8
Мурманская область,2022,май,8
Мурманская область,2022,июнь,8
Мурманская область,2022,июль,8
Мурманская область,2022,август,9
Мурманская область,2022,сентябрь,9
Мурманская область,2022,октябрь,10
Мурманская область,2022,ноябрь,10
Мурманская область,2022,декабрь,12
Мурманская область,2023,январь,12
Мурманская область,2023,февраль,12
Мурманская область,2023,март,12
Мурманская область,2023,апрель,12
Мурманская область,2023,май,12
Нижегородская область,2019,значение показателя за год,0
Нижегородская область,2020,значение показателя за год,4
Нижегородская область,2021,значение показателя за год,8
Нижегородская область,2022,январь,8
Нижегородская область,2022,февраль,8
Нижегородская область,2022,март,8
Нижегородская область,2022,апрель,8
Нижегородская область,2022,май,9
Нижегородская область,2022,июнь,9
Нижегородская область,2022,июль,10
Нижегородская область,2022,август,10
Нижегородская область,2022,сентябрь,11
Нижегородская область,2022,октябрь,11
Нижегородская область,2022,ноябрь,11
Нижегородская область,2022,декабрь,13
Нижегородская область,2023,январь,13
Нижегородская область,2023,февраль,13
Нижегородская область,2023,март,14
Нижегородская область,2023,апрель,14
Нижегородская область,2023,май,14
Новгородская область,2019,значение показателя за год,0
Новгородская область,2020,значение показателя за год,4
Новгородская область,2021,значение показателя за год,7
Новгородская область,2022,январь,7
Новгородская область,2022,февраль,7
Новгородская область,2022,март,7
Новгородская область,2022,апрель,7
Новгородская область,2022,май,8
Новгородская область,2022,июнь,8
Новгородская область,2022,июль,9
Новгородская область,2022,август,10
Новгородская область,2022,сентябрь,10
Новгородская область,2022,октябрь,11
Новгородская область,2022,ноябрь,11
Новгородская область,2022,декабрь,12
Новгородская область,2023,январь,12
Новгородская область,2023,февраль,12
Новгородская область,2023,март,12
Новгородская область,2023,апрель,12
Новгородская область,2023,май,14
Новосибирская область,2019,значение показателя за год,0
Новосибирская область,2020,значение показателя за год,3
Новосибирская область,2021,значение показателя за год,9
Новосибирская область,2022,январь,9
Новосибирская область,2022,февраль,9
Новосибирская область,2022,март,9
Новосибирская область,2022,апрель,9
Новосибирская область,2022,май,9
Новосибирская область,2022,июнь,11
Новосибирская область,2022,июль,12
Новосибирская область,2022,август,12
Новосибирская область,2022,сентябрь,13
Новосибирская область,2022,октябрь,13
Новосибирская область,2022,ноябрь,14
Новосибирская область,2022,декабрь,16
Новосибирская область,2023,январь,16
Новосибирская область,2023,февраль,16
Новосибирская область,2023,март,16
Новосибирская область,2023,апрель,16
Новосибирская область,2023,май,16
Омская область,2019,значение показателя за год,0
Омская область,2020,значение показателя за год,6
Омская область,2021,значение показателя за год,11
Омская область,2022,январь,11
Омская область,2022,февраль,11
Омская область,2022,март,11
Омская область,2022,апрель,11
Омская область,2022,май,11
Омская область,2022,июнь,11
Омская область,2022,июль,11
Омская область,2022,август,12
Омская область,2022,сентябрь,12
Омская область,2022,октябрь,14
Омская область,2022,ноябрь,15
Омская область,2022,декабрь,17
Омская область,2023,январь,15
Омская область,2023,февраль,15
Омская область,2023,март,16
Омская область,2023,апрель,16
Омская область,2023,май,16
Оренбургская область,2019,значение показателя за год,0
Оренбургская область,2020,значение показателя за год,4
Оренбургская область,2021,значение показателя за год,9
Оренбургская область,2022,январь,9
Оренбургская область,2022,февраль,9
Оренбургская область,2022,март,9
Оренбургская область,2022,апрель,9
Оренбургская область,2022,май,10
Оренбургская область,2022,июнь,10
Оренбургская область,2022,июль,11
Оренбургская область,2022,август,11
Оренбургская область,2022,сентябрь,11
Оренбургская область,2022,октябрь,12
Оренбургская область,2022,ноябрь,13
Оренбургская область,2022,декабрь,14
Оренбургская область,2023,январь,14
Оренбургская область,2023,февраль,14
Оренбургская область,2023,март,14
Оренбургская область,2023,апрель,14
Оренбургская область,2023,май,14
Орловская область,2019,значение показателя за год,0
Орловская область,2020,значение показателя за год,4
Орловская область,2021,значение показателя за год,8
Орловская область,2022,январь,8
Орловская область,2022,февраль,8
Орловская область,2022,март,8
Орловская область,2022,апрель,8
Орловская область,2022,май,8
Орловская область,2022,июнь,8
Орловская область,2022,июль,10
Орловская область,2022,август,11
Орловская область,2022,сентябрь,11
Орловская область,2022,октябрь,12
Орловская область,2022,ноябрь,12
Орловская область,2022,декабрь,13
Орловская область,2023,январь,13
Орловская область,2023,февраль,13
Орловская область,2023,март,13
Орловская область,2023,апрель,13
Орловская область,2023,май,13
Пензенская область,2019,значение показателя за год,0
Пензенская область,2020,значение показателя за год,4
Пензенская область,2021,значение показателя за год,8
Пензенская область,2022,январь,8
Пензенская область,2022,февраль,8
Пензенская область,2022,март,8
Пензенская область,2022,апрель,8
Пензенская область,2022,май,8
Пензенская область,2022,июнь,9
Пензенская область,2022,июль,11
Пензенская область,2022,август,11
Пензенская область,2022,сентябрь,12
Пензенская область,2022,октябрь,12
Пензенская область,2022,ноябрь,12
Пензенская область,2022,декабрь,14
Пензенская область,2023,январь,14
Пензенская область,2023,февраль,14
Пензенская область,2023,март,14
Пензенская область,2023,апрель,14
Пензенская область,2023,май,14
Псковская область,2019,значение показателя за год,0
Псковская область,2020,значение показателя за год,4
Псковская область,2021,значение показателя за год,9
Псковская область,2022,январь,9
Псковская область,2022,февраль,9
Псковская область,2022,март,9
Псковская область,2022,апрель,9
Псковская область,2022,май,10
Псковская область,2022,июнь,11
Псковская область,2022,июль,12
Псковская область,2022,август,12
Псковская область,2022,сентябрь,12
Псковская область,2022,октябрь,12
Псковская область,2022,ноябрь,13
Псковская область,2022,декабрь,14
Псковская область,2023,январь,14
Псковская область,2023,февраль,14
Псковская область,2023,март,14
Псковская область,2023,апрель,14
Псковская область,2023,май,15
Ростовская область,2019,значение показателя за год,0
Ростовская область,2020,значение показателя за год,4
Ростовская область,2021,значение показателя за год,8
Ростовская область,2022,январь,8
Ростовская область,2022,февраль,8
Ростовская область,2022,март,8
Ростовская область,2022,апрель,8
Ростовская область,2022,май,10
Ростовская область,2022,июнь,10
Ростовская область,2022,июль,10
Ростовская область,2022,август,10
Ростовская область,2022,сентябрь,11
Ростовская область,2022,октябрь,11
Ростовская область,2022,ноябрь,12
Ростовская область,2022,декабрь,11
Ростовская область,2023,январь,14
Ростовская область,2023,февраль,14
Ростовская область,2023,март,14
Ростовская область,2023,апрель,14
Ростовская область,2023,май,14
Рязанская область,2019,значение показателя за год,0
Рязанская область,2020,значение показателя за год,4
Рязанская область,2021,значение показателя за год,8
Рязанская область,2022,январь,8
Рязанская область,2022,февраль,8
Рязанская область,2022,март,8
Рязанская область,2022,апрель,8
Рязанская область,2022,май,8
Рязанская область,2022,июнь,9
Рязанская область,2022,июль,10
Рязанская область,2022,август,11
Рязанская область,2022,сентябрь,11
Рязанская область,2022,октябрь,12
Рязанская область,2022,ноябрь,14
Рязанская область,2022,декабрь,14
Рязанская область,2023,январь,14
Рязанская область,2023,февраль,14
Рязанская область,2023,март,14
Рязанская область,2023,апрель,14
Рязанская область,2023,май,14
Самарская область,2019,значение показателя за год,0
Самарская область,2020,значение показателя за год,7
Самарская область,2021,значение показателя за год,10
Самарская область,2022,январь,10
Самарская область,2022,февраль,10
Самарская область,2022,март,10
Самарская область,2022,апрель,10
Самарская область,2022,май,10
Самарская область,2022,июнь,11
Самарская область,2022,июль,11
Самарская область,2022,август,12
Самарская область,2022,сентябрь,13
Самарская область,2022,октябрь,13
Самарская область,2022,ноябрь,13
Самарская область,2022,декабрь,15
Самарская область,2023,январь,15
Самарская область,2023,февраль,15
Самарская область,2023,март,15
Самарская область,2023,апрель,15
Самарская область,2023,май,16
Саратовская область,2019,значение показателя за год,0
Саратовская область,2020,значение показателя за год,4
Саратовская область,2021,значение показателя за год,8
Саратовская область,2022,январь,8
Саратовская область,2022,февраль,8
Саратовская область,2022,март,8
Саратовская область,2022,апрель,9
Саратовская область,2022,май,10
Саратовская область,2022,июнь,10
Саратовская область,2022,июль,12
Саратовская область,2022,август,12
Саратовская область,2022,сентябрь,13
Саратовская область,2022,октябрь,13
Саратовская область,2022,ноябрь,13
Саратовская область,2022,декабрь,14
Саратовская область,2023,январь,14
Саратовская область,2023,февраль,14
Саратовская область,2023,март,14
Саратовская область,2023,апрель,14
Саратовская область,2023,май,15
Сахалинская область,2019,значение показателя за год,0
Сахалинская область,2020,значение показателя за год,6
Сахалинская область,2021,значение показателя за год,9
Сахалинская область,2022,январь,9
Сахалинская область,2022,февраль,9
Сахалинская область,2022,март,9
Сахалинская область,2022,апрель,9
Сахалинская область,2022,май,9
Сахалинская область,2022,июнь,9
Сахалинская область,2022,июль,10
Сахалинская область,2022,август,11
Сахалинская область,2022,сентябрь,11
Сахалинская область,2022,октябрь,12
Сахалинская область,2022,ноябрь,13
Сахалинская область,2022,декабрь,18
Сахалинская область,2023,январь,14
Сахалинская область,2023,февраль,14
Сахалинская область,2023,март,18
Сахалинская область,2023,апрель,18
Сахалинская область,2023,май,18
Свердловская область,2019,значение показателя за год,0
Свердловская область,2020,значение показателя за год,4
Свердловская область,2021,значение показателя за год,8
Свердловская область,2022,январь,8
Свердловская область,2022,февраль,8
Свердловская область,2022,март,8
Свердловская область,2022,апрель,8
Свердловская область,2022,май,8
Свердловская область,2022,июнь,9
Свердловская область,2022,июль,9
Свердловская область,2022,август,9
Свердловская область,2022,сентябрь,10
Свердловская область,2022,октябрь,10
Свердловская область,2022,ноябрь,12
Свердловская область,2022,декабрь,13
Свердловская область,2023,январь,13
Свердловская область,2023,февраль,13
Свердловская область,2023,март,13
Свердловская область,2023,апрель,13
Свердловская область,2023,май,13
Смоленская область,2019,значение показателя за год,0
Смоленская область,2020,значение показателя за год,4
Смоленская область,2021,значение показателя за год,8
Смоленская область,2022,январь,8
Смоленская область,2022,февраль,8
Смоленская область,2022,март,8
Смоленская область,2022,апрель,8
Смоленская область,2022,май,8
Смоленская область,2022,июнь,10
Смоленская область,2022,июль,11
Смоленская область,2022,август,11
Смоленская область,2022,сентябрь,11
Смоленская область,2022,октябрь,11
Смоленская область,2022,ноябрь,12
Смоленская область,2022,декабрь,14
Смоленская область,2023,январь,14
Смоленская область,2023,февраль,14
Смоленская область,2023,март,14
Смоленская область,2023,апрель,14
Смоленская область,2023,май,14
Тамбовская область,2019,значение показателя за год,0
Тамбовская область,2020,значение показателя за год,2
Тамбовская область,2021,значение показателя за год,8
Тамбовская область,2022,январь,8
Тамбовская область,2022,февраль,8
Тамбовская область,2022,март,8
Тамбовская область,2022,апрель,8
Тамбовская область,2022,май,9
Тамбовская область,2022,июнь,12
Тамбовская область,2022,июль,12
Тамбовская область,2022,август,13
Тамбовская область,2022,сентябрь,13
Тамбовская область,2022,октябрь,13
Тамбовская область,2022,ноябрь,13
Тамбовская область,2022,декабрь,13
Тамбовская область,2023,январь,13
Тамбовская область,2023,февраль,13
Тамбовская область,2023,март,14
Тамбовская область,2023,апрель,14
Тамбовская область,2023,май,14
Тверская область,2019,значение показателя за год,0
Тверская область,2020,значение показателя за год,4
Тверская область,2021,значение показателя за год,8
Тверская область,2022,январь,8
Тверская область,2022,февраль,8
Тверская область,2022,март,8
Тверская область,2022,апрель,8
Тверская область,2022,май,9
Тверская область,2022,июнь,10
Тверская область,2022,июль,10
Тверская область,2022,август,11
Тверская область,2022,сентябрь,11
Тверская область,2022,октябрь,12
Тверская область,2022,ноябрь,12
Тверская область,2022,декабрь,14
Тверская область,2023,январь,14
Тверская область,2023,февраль,14
Тверская область,2023,март,14
Тверская область,2023,апрель,14
Тверская область,2023,май,15
Томская область,2019,значение показателя за год,0
Томская область,2020,значение показателя за год,4
Томская область,2021,значение показателя за год,8
Томская область,2022,январь,8
Томская область,2022,февраль,8
Томская область,2022,март,8
Томская область,2022,апрель,8
Томская область,2022,май,8
Томская область,2022,июнь,10
Томская область,2022,июль,10
Томская область,2022,август,10
Томская область,2022,сентябрь,11
Томская область,2022,октябрь,11
Томская область,2022,ноябрь,12
Томская область,2022,декабрь,14
Томская область,2023,январь,14
Томская область,2023,февраль,14
Томская область,2023,март,14
Томская область,2023,апрель,14
Томская область,2023,май,14
Тульская область,2019,значение показателя за год,0
Тульская область,2020,значение показателя за год,4
Тульская область,2021,значение показателя за год,8
Тульская область,2022,январь,8
Тульская область,2022,февраль,8
Тульская область,2022,март,8
Тульская область,2022,апрель,8
Тульская область,2022,май,8
Тульская область,2022,июнь,9
Тульская область,2022,июль,11
Тульская область,2022,август,11
Тульская область,2022,сентябрь,12
Тульская область,2022,октябрь,12
Тульская область,2022,ноябрь,13
Тульская область,2022,декабрь,13
Тульская область,2023,январь,13
Тульская область,2023,февраль,13
Тульская область,2023,март,13
Тульская область,2023,апрель,13
Тульская область,2023,май,13
Тюменская область,2019,значение показателя за год,0
Тюменская область,2020,значение показателя за год,4
Тюменская область,2021,значение показателя за год,7
Тюменская область,2022,январь,7
Тюменская область,2022,февраль,7
Тюменская область,2022,март,7
Тюменская область,2022,апрель,7
Тюменская область,2022,май,7
Тюменская область,2022,июнь,7
Тюменская область,2022,июль,10
Тюменская область,2022,август,10
Тюменская область,2022,сентябрь,11
Тюменская область,2022,октябрь,11
Тюменская область,2022,ноябрь,12
Тюменская область,2022,декабрь,12
Тюменская область,2023,январь,12
Тюменская область,2023,февраль,12
Тюменская область,2023,март,12
Тюменская область,2023,апрель,12
Тюменская область,2023,май,12
Ульяновская область,2019,значение показателя за год,0
Ульяновская область,2020,значение показателя за год,4
Ульяновская область,2021,значение показателя за год,8
Ульяновская область,2022,январь,8
Ульяновская область,2022,февраль,8
Ульяновская область,2022,март,8
Ульяновская область,2022,апрель,8
Ульяновская область,2022,май,9
Ульяновская область,2022,июнь,11
Ульяновская область,2022,июль,11
Ульяновская область,2022,август,12
Ульяновская область,2022,сентябрь,12
Ульяновская область,2022,октябрь,13
Ульяновская область,2022,ноябрь,13
Ульяновская область,2022,декабрь,14
Ульяновская область,2023,январь,14
Ульяновская область,2023,февраль,14
Ульяновская область,2023,март,14
Ульяновская область,2023,апрель,14
Ульяновская область,2023,май,14
Челябинская область,2019,значение показателя за год,0
Челябинская область,2020,значение показателя за год,4
Челябинская область,2021,значение показателя за год,8
Челябинская область,2022,январь,8
Челябинская область,2022,февраль,8
Челябинская область,2022,март,8
Челябинская область,2022,апрель,8
Челябинская область,2022,май,9
Челябинская область,2022,июнь,10
Челябинская область,2022,июль,10
Челябинская область,2022,август,11
Челябинская область,2022,сентябрь,11
Челябинская область,2022,октябрь,11
Челябинская область,2022,ноябрь,12
Челябинская область,2022,декабрь,14
Челябинская область,2023,январь,14
Челябинская область,2023,февраль,14
Челябинская область,2023,март,14
Челябинская область,2023,апрель,14
Челябинская область,2023,май,14
Ярославская область,2019,значение показателя за год,0
Ярославская область,2020,значение показателя за год,4
Ярославская область,2021,значение показателя за год,7
Ярославская область,2022,январь,7
Ярославская область,2022,февраль,7
Ярославская область,2022,март,7
Ярославская область,2022,апрель,7
Ярославская область,2022,май,8
Ярославская область,2022,июнь,8
Ярославская область,2022,июль,9
Ярославская область,2022,август,9
Ярославская область,2022,сентябрь,10
Ярославская область,2022,октябрь,10
Ярославская область,2022,ноябрь,10
Ярославская область,2022,декабрь,12
Ярославская область,2023,январь,12
Ярославская область,2023,февраль,12
Ярославская область,2023,март,12
Ярославская область,2023,апрель,12
Ярославская область,2023,май,13
Город Москва столица Российской Федерации город федерального значения,2019,значение показателя за год,0
Город Москва столица Российской Федерации город федерального значения,2020,значение показателя за год,2
Город Москва столица Российской Федерации город федерального значения,2021,значение показателя за год,4
Город Москва столица Российской Федерации город федерального значения,2022,январь,4
Город Москва столица Российской Федерации город федерального значения,2022,февраль,4
Город Москва столица Российской Федерации город федерального значения,2022,март,4
Город Москва столица Российской Федерации город федерального значения,2022,апрель,0
Город Москва столица Российской Федерации город федерального значения,2022,май,0
Город Москва столица Российской Федерации город федерального значения,2022,июнь,0
Город Москва столица Российской Федерации город федерального значения,2022,июль,0
Город Москва столица Российской Федерации город федерального значения,2022,август,0
Город Москва столица Российской Федерации город федерального значения,2022,сентябрь,0
Город Москва столица Российской Федерации город федерального значения,2022,октябрь,0
Город Москва столица Российской Федерации город федерального значения,2022,ноябрь,0
Город Москва столица Российской Федерации город федерального значения,2022,декабрь,6
Город Москва столица Российской Федерации город федерального значения,2023,январь,6
Город Москва столица Российской Федерации город федерального значения,2023,февраль,6
Город Москва столица Российской Федерации город федерального значения,2023,март,6
Город Москва столица Российской Федерации город федерального значения,2023,апрель,6
Город Москва столица Российской Федерации город федерального значения,2023,май,6
Город Санкт-Петербург город федерального значения,2019,значение показателя за год,0
Город Санкт-Петербург город федерального значения,2020,значение показателя за год,2
Город Санкт-Петербург город федерального значения,2021,значение показателя за год,5
Город Санкт-Петербург город федерального значения,2022,январь,5
Город Санкт-Петербург город федерального значения,2022,февраль,5
Город Санкт-Петербург город федерального значения,2022,март,5
Город Санкт-Петербург город федерального значения,2022,апрель,5
Город Санкт-Петербург город федерального значения,2022,май,5
Город Санкт-Петербург город федерального значения,2022,июнь,5
Город Санкт-Петербург город федерального значения,2022,июль,7
Город Санкт-Петербург город федерального значения,2022,август,7
Город Санкт-Петербург город федерального значения,2022,сентябрь,9
Город Санкт-Петербург город федерального значения,2022,октябрь,16
Город Санкт-Петербург город федерального значения,2022,ноябрь,9
Город Санкт-Петербург город федерального значения,2022,декабрь,9
Город Санкт-Петербург город федерального значения,2023,январь,9
Город Санкт-Петербург город федерального значения,2023,февраль,9
Город Санкт-Петербург город федерального значения,2023,март,9
Город Санкт-Петербург город федерального значения,2023,апрель,9
Город Санкт-Петербург город федерального значения,2023,май,9
Город федерального зачения Севастополь,2019,значение показателя за год,0
Город федерального зачения Севастополь,2020,значение показателя за год,4
Город федерального зачения Севастополь,2021,значение показателя за год,8
Город федерального зачения Севастополь,2022,январь,8
Город федерального зачения Севастополь,2022,февраль,8
Город федерального зачения Севастополь,2022,март,8
Город федерального зачения Севастополь,2022,апрель,8
Город федерального зачения Севастополь,2022,май,8
Город федерального зачения Севастополь,2022,июнь,9
Город федерального зачения Севастополь,2022,июль,9
Город федерального зачения Севастополь,2022,август,9
Город федерального зачения Севастополь,2022,сентябрь,10
Город федерального зачения Севастополь,2022,октябрь,12
Город федерального зачения Севастополь,2022,ноябрь,12
Город федерального зачения Севастополь,2022,декабрь,13
Город федерального зачения Севастополь,2023,январь,13
Город федерального зачения Севастополь,2023,февраль,13
Город федерального зачения Севастополь,2023,март,13
Город федерального зачения Севастополь,2023,апрель,13
Город федерального зачения Севастополь,2023,май,13
Еврейская автономная область,2019,значение показателя за год,0
Еврейская автономная область,2020,значение показателя за год,5
Еврейская автономная область,2021,значение показателя за год,10
Еврейская автономная область,2022,январь,10
Еврейская автономная область,2022,февраль,10
Еврейская автономная область,2022,март,10
Еврейская автономная область,2022,апрель,10
Еврейская автономная область,2022,май,11
Еврейская автономная область,2022,июнь,12
Еврейская автономная область,2022,июль,12
Еврейская автономная область,2022,август,13
Еврейская автономная область,2022,сентябрь,15
Еврейская автономная область,2022,октябрь,15
Еврейская автономная область,2022,ноябрь,15
Еврейская автономная область,2022,декабрь,15
Еврейская автономная область,2023,январь,15
Еврейская автономная область,2023,февраль,16
Еврейская автономная область,2023,март,16
Еврейская автономная область,2023,апрель,16
Еврейская автономная область,2023,май,18
Ненецкий автономный округ ,2019,значение показателя за год,0
Ненецкий автономный округ ,2020,значение показателя за год,9
Ненецкий автономный округ ,2021,значение показателя за год,10
Ненецкий автономный округ ,2022,январь,10
Ненецкий автономный округ ,2022,февраль,10
Ненецкий автономный округ ,2022,март,10
Ненецкий автономный округ ,2022,апрель,10
Ненецкий автономный округ ,2022,май,10
Ненецкий автономный округ ,2022,июнь,10
Ненецкий автономный округ ,2022,июль,9
Ненецкий автономный округ ,2022,август,10
Ненецкий автономный округ ,2022,сентябрь,10
Ненецкий автономный округ ,2022,октябрь,9
Ненецкий автономный округ ,2022,ноябрь,11
Ненецкий автономный округ ,2022,декабрь,14
Ненецкий автономный округ ,2023,январь,14
Ненецкий автономный округ ,2023,февраль,14
Ненецкий автономный округ ,2023,март,14
Ненецкий автономный округ ,2023,апрель,14
Ненецкий автономный округ ,2023,май,14
Ханты-Мансийский автономный округ - Югра,2019,значение показателя за год,0
Ханты-Мансийский автономный округ - Югра,2020,значение показателя за год,4
Ханты-Мансийский автономный округ - Югра,2021,значение показателя за год,8
Ханты-Мансийский автономный округ - Югра,2022,январь,8
Ханты-Мансийский автономный округ - Югра,2022,февраль,8
Ханты-Мансийский автономный округ - Югра,2022,март,8
Ханты-Мансийский автономный округ - Югра,2022,апрель,8
Ханты-Мансийский автономный округ - Югра,2022,май,9
Ханты-Мансийский автономный округ - Югра,2022,июнь,9
Ханты-Мансийский автономный округ - Югра,2022,июль,9
Ханты-Мансийский автономный округ - Югра,2022,август,10
Ханты-Мансийский автономный округ - Югра,2022,сентябрь,10
Ханты-Мансийский автономный округ - Югра,2022,октябрь,11
Ханты-Мансийский автономный округ - Югра,2022,ноябрь,11
Ханты-Мансийский автономный округ - Югра,2022,декабрь,13
Ханты-Мансийский автономный округ - Югра,2023,январь,13
Ханты-Мансийский автономный округ - Югра,2023,февраль,13
Ханты-Мансийский автономный округ - Югра,2023,март,13
Ханты-Мансийский автономный округ - Югра,2023,апрель,13
Ханты-Мансийский автономный округ - Югра,2023,май,13
Чукотский автономный округ,2019,значение показателя за год,0
Чукотский автономный округ,2020,значение показателя за год,4
Чукотский автономный округ,2021,значение показателя за год,8
Чукотский автономный округ,2022,январь,8
Чукотский автономный округ,2022,февраль,8
Чукотский автономный округ,2022,март,8
Чукотский автономный округ,2022,апрель,8
Чукотский автономный округ,2022,май,8
Чукотский автономный округ,2022,июнь,9
Чукотский автономный округ,2022,июль,9
Чукотский автономный округ,2022,август,10
Чукотский автономный округ,2022,сентябрь,10
Чукотский автономный округ,2022,октябрь,10
Чукотский автономный округ,2022,ноябрь,14
Чукотский автономный округ,2022,декабрь,14
Чукотский автономный округ,2023,январь,14
Чукотский автономный округ,2023,февраль,14
Чукотский автономный округ,2023,март,14
Чукотский автономный округ,2023,апрель,14
Чукотский автономный округ,2023,май,14
Ямало-Ненецкий автономный округ,2019,значение показателя за год,0
Ямало-Ненецкий автономный округ,2020,значение показателя за год,4
Ямало-Ненецкий автономный округ,2021,значение показателя за год,7
Ямало-Ненецкий автономный округ,2022,январь,7
Ямало-Ненецкий автономный округ,2022,февраль,7
Ямало-Ненецкий автономный округ,2022,март,7
Ямало-Ненецкий автономный округ,2022,апрель,7
Ямало-Ненецкий автономный округ,2022,май,7
Ямало-Ненецкий автономный округ,2022,июнь,10
Ямало-Ненецкий автономный округ,2022,июль,10
Ямало-Ненецкий автономный округ,2022,август,10
Ямало-Ненецкий автономный округ,2022,сентябрь,10
Ямало-Ненецкий автономный округ,2022,октябрь,11
Ямало-Ненецкий автономный округ,2022,ноябрь,11
Ямало-Ненецкий автономный округ,2022,декабрь,12
Ямало-Ненецкий автономный округ,2023,январь,12
Ямало-Ненецкий автономный округ,2023,февраль,12
Ямало-Ненецкий автономный округ,2023,март,12
Ямало-Ненецкий автономный округ,2023,апрель,12
Ямало-Ненецкий автономный округ,2023,май,12
